,species,hosts_natural,hosts_experimental,infection_site,infection_site_formatted
0,Abelspora portucalensis (1),Carcinus maenas,,,
1,Abelspora portucalensis (2),,,,
2,Acarispora falculifera,Falculifer rostratus,,Gut epithelium of colon,Gut epithelium of colon
3,Agglomerata cladocera (siberian isolate),Daphnia magna,,Hypoderm; adipose,Hypoderm; adipose
4,Agglomerata connexa,Daphnia longispina,,adipose tissue (main infection site); systemic infection (except muscles and digestive tube),adipose tissue; systemic infection
5,Agglomerata daphnia,Daphnia magna (found in Carassius auratus gibelio),,hypoderm,hypoderm
6,Agglomerata lacrima,Acanthocyclops vernalis,,hypodermal; adipose,hypodermal; adipose
7,Agglomerata volgensae,Daphnia magna,,hypodermal; adipose,hypodermal; adipose
8,Agmasoma aquinoae,Penaeus merguiensis,,,
9,Alfvenia ceriodaphniae,Ceriodaphniae,,Hypodermis,Hypodermis
10,Alfvenia sibirica,Cyclops sp.,,Hypoderm; adipose,Hypoderm; adipose
11,Alloglugea bufonis,Bufo marinus,,"intestines (lamina propria); liver (reticuloendothelial cells, blood vessels); spleen (primary infection site); kidney (glomeruli, primary infection site); macrophages; phagocytes",intestines; lamina propria; liver; reticuloendothelial cells; blood vessels; spleen; kidney; glomeruli; macrophages; phagocytes
12,Alternosema bostrichidis,Prostephanus truncatus; Dinoderus bifoveolatus; Dinoderus porcellus; Dinoderus minutus,,muscles; gonads; midgut epithelium; Malpighian tubules (vessels); fat body,muscles; gonads; midgut epithelium; Malpighian tubules; vessels; fat body
13,Amazonspora hassar,Hassar orestis,,gills,gills
14,Amblyospora abserrati,Aedes abserratus,Acanthocyclops vernalis,fat body,fat body
15,Amblyospora aestiva,Aedes dorsalis; Aedes caspius,,fat body,fat body
16,Amblyospora albifasciati,Aedes albifasciatus (= Ochlerotatus albifasciatus),,,
17,Amblyospora auriferi,Aedes aurifer,,fat body,fat body
18,Amblyospora bakcharia,Ochlerotatus excrucians,,Adipose in larvae,Adipose in larvae
19,Amblyospora baritia,Ochlerotatus excrucians,,Adipose in larvae,Adipose in larvae
20,Amblyospora bogashovia,Ochlerotatus excrucians,,Adipose in larvae,Adipose in larvae
21,Amblyospora burlaki,Culex pipiens,,,
22,Amblyospora camposi,Culex renatoi (1); Paracyclops fimbriatus fimbriatus (2),,"adipose (1); ovarian (1, 2)",adipose; ovarian
23,Amblyospora caspius,Aedes caspius,,,
24,Amblyospora cataphyllus,Aedes cataphylla,,fat body,fat body
25,Amblyospora certa,Aedes cinereus,,fat body,fat body
26,Amblyospora chulymia,Ochlerotatus caspius,,Adipose in larvae,Adipose in larvae
27,Amblyospora cinerei,Aedes cinereus,Acanthocyclops vernalis,fat body,fat body
28,Amblyospora coluzzii,Anopheles gambiae,,,
29,Amblyospora connecticus (1),Aedes cantator; Acanthocyclops vernalis (intermediate host),,,
30,Amblyospora connecticus (2),,,,
31,Amblyospora criniferis,Aedes crinifer (= Ochlerotatus crinifer),,fat body,fat body
32,Amblyospora dakarensis,Culex tritaeniorhynchus,,fat body,fat body
33,Amblyospora dolosi (1),Culex dolosus; Metacyclops mendocinus (intermediate host),,fat body (of Culex dolosus); ovary (of Metacyclops mendocinus),fat body; ovary
34,Amblyospora dolosi (2),,,,
35,Amblyospora dyxenoides (1),Culex annulirostris; Mesocyclops sp. (intermediate host); Mesocyclops albicans (intermediate host),,,
36,Amblyospora dyxenoides (2),,,,
37,Amblyospora egypti,Culex pipiens,,fat body,fat body
38,Amblyospora excrucii,Aedes excrucians,,fat body,fat body
39,Amblyospora ferocis (Amblyospora ferocious),Psorophora ferox (= Janthinosoma ferox),,fat body,fat body
40,Amblyospora firma,Aedes punctor,,fat body,fat body
41,Amblyospora flavescens,Aedes sp. (1); Culex sp. (2),,adipose,adipose
42,Amblyospora hristinia,Ochlerotatus communis,,Adipose in larvae,Adipose in larvae
43,Amblyospora indicola (1),Culex sitiens; Apocyclops sp. (intermediate host),,fat body (of Culex sitiens larva); ovary (Apocyclops sp.),fat body; ovary
44,Amblyospora indicola (2),,,,
45,Amblyospora indubitantis,Mansonia indubitans (= Mansonia indubitans),,fat body,fat body
46,Amblyospora jurginia,Ochlerotatus excrucians,,Adipose in larvae,Adipose in larvae
47,Amblyospora kadunae,Culex pipiens quinquefasciatus,,,
48,Amblyospora kazankia,Ochlerotatus dianaetus,,Adipose in larvae,Adipose in larvae
49,Amblyospora kolarovi,Aedes sp. (1); Culex sp. (2),,adipose,adipose
50,Amblyospora macrococcus,Corynoneura sp.,,fat body,fat body
51,Amblyospora mavlukevia,Aedes cinereus,,Adipose in larvae,Adipose in larvae
52,Amblyospora media,Aedes dorsalis,,fat body,fat body
53,Amblyospora mocrushinia,Ochlerotatus mocrushinia,,adipose in larvae,adipose in larvae
54,Amblyospora modestium,Culex modestus,,adipose in larvae,adipose in larvae
55,Amblyospora nataliae,Uranotaenia nataliae,,fat body,fat body
56,Amblyospora nigeriana,Culex pipiens quinquefasciatus,,,
57,Amblyospora orbiculata,Aedes sp. (1); Culex sp. (2),,adipose,adipose
58,Amblyospora pinensis,Culex sitiens,,,
59,Amblyospora polykarya,Aedes taeniorhynchus,,fat body (type 1); egg (type 2),fat body; egg
60,Amblyospora punctor,Aedes punctor,,fat body,fat body
61,Amblyospora rugosa,Aedes sp. (1); Culex sp. (2),,adipose,adipose
62,Amblyospora salairia,Aedes cinereus,,adipose in larvae,adipose in larvae
63,Amblyospora salinarian (Amblyospora salinaria),Culex salinarius (definitive host); Macrocyclops albidus (intermediate host),,oenocytes (of adult female and male larva); ovary (of adult female and M albidus); adipose tissue (of male larva),oenocytes; ovary; adipose tissue
64,Amblyospora senegalensis,Culex thalassius,,adipose tissue,adipose tissue
65,Amblyospora severinia,Ochlerotatus excrucians,,adipose in larvae,adipose in larvae
66,Amblyospora shegaria,Aedes cinereus,,adipose in larvae,adipose in larvae
67,Amblyospora sp. 34,Culex salinarius,,oenocytes; fat body,oenocytes; fat body
68,Amblyospora sp. 35,Cricotopus ex gr. silvestris,,fat body,fat body
69,Amblyospora sp. 36,Culex pipiens,,nerve ganglia,nerve ganglia
70,Amblyospora sp. 37,Aedes cantador,,gastric caeca,gastric caeca
71,Amblyospora sp. 40,Ochlerotatus detritus,,,
72,Amblyospora stictici,Aedes sticticus,,fat body; oenocytes,fat body; oenocytes
73,Amblyospora stimuli,Aedes stimulans,Diacyclops bicuspidatus thomasi,fat body,fat body
74,Amblyospora styriaca,Eusimulium costatum,,adipose tissue,adipose tissue
75,Amblyospora theophanica,Anopheles annulipes,,,
76,Amblyospora timirasia,Aedes cinereus,,adipose in larvae,adipose in larvae
77,Amblyospora tramazayguesi,Culex tramazayguesi (= Allimanta tramazayguesi),,fat body,fat body
78,Amblyospora trinus,Culex halifaxi,,fat body,fat body
79,Amblyospora undata,Aedes sp. (1); Culex sp. (2),,adipose,adipose
80,Amblyospora urski,Aedes sp. (1); Culex sp. (2),,adipose,adipose
81,Amblyospora weiseri (1),Aedes cantans,,fat body; oenocytes,fat body; oenocytes
82,Amblyospora weiseri (2),,,,
83,Ameson atlanticum,Cancer pagurus,,,
84,Ameson herrnkindi,Panulirus argus,,Striated muscle tissues,Striated muscle tissues
85,Ameson metacarcini,Metacarcinus magister,,Sarcoplasm of skeletal myofibrils; rarely in cardiac muscles; fixed phagocytes of hemal vessels.,Sarcoplasm of skeletal myofibrils; rarely in cardiac muscles; fixed phagocytes of hemal vessels.
86,Ameson sp.,Penaeus monodon,,,
87,Amoebosporidium minutum,Vannella cirrifera,,,
88,Andreanna caspii,Ochlerotatus caspius,,adipose,adipose
89,Anisofilariata chironomi,Chironomus plumosus,,Adipose,Adipose
90,Anncaliia azovica,Niphargogammarus intermedius,,subcuticular fat body; myocytes,subcuticular fat body; myocytes
91,Anncaliia meligethi (= Nosema meligethi) (1),Meligethes aenus; Pieris brassicae,,"fat body (of Meligethes aenus); muscles (of Meligethes aenus, rarely)",fat body; muscles
92,Anncaliia meligethi (= Nosema meligethi) (2),,,,
93,Anostracospora rigaudi,Artemia franciscana; Artemia parthenogenetica,,Intestinal epithelium,Intestinal epithelium
94,Antonospora psocopterae,Xanthocaecilius sommermanae; Polypsocus corruptus,,Adipose,Adipose
95,Antonospora scoticae,Andrena scotica,,adipose tissue (in gaster); haemolymph; haemocoel,adipose tissue; haemolymph; haemocoel
96,Apotaspora heleios,Palaemonetes paludosus,,muscles; subcuticular epithelium,muscles; subcuticular epithelium
97,Areospora rohanae,Lithodes santolla,,phagocytes; connective tissue,phagocytes; connective tissue
98,Auraspora canningae,Lepidocyrtus lignorum,,,
99,Bacillidium vesiculoformis,Nais simplex,,haemocytes,haemocytes
100,Baculea daphniae (1),Daphnia pulex,,intestinal epithelium,intestinal epithelium
101,Baculea daphniae (2),,,,
102,Becnelia sigarae,Sigara lateralis,,testicular,testicular
103,Berwaldia hypodermica,Simocephalus vetulus,,hypodermis; fat cells,hypodermis; fat cells
104,Berwaldia nana,Daphnia longispina/galeata complex,,fat cells,fat cells
105,Berwaldia singularis (1),Daphnia pulex,,adipose tissue; hematocoel,adipose tissue; hematocoel
106,Berwaldia singularis (2),,,,
107,Berwaldia singularis (3),,,,
108,Binucleata daphniae,Daphnia magna,,integumentary,integumentary
109,Binucleospora elongata,Candona sp.,,adipose tissue; conective tissue; haemocytes,adipose tissue; conective tissue; haemocytes
110,Brachiola gambiae,Anopheles gambiae (1); Anopheles melas (2),,intestinal; Malphigian; adipose; muscle; hyopdermal; connective,intestinal; Malphigian; adipose; muscle; hyopdermal; connective
111,Brachiola vesicularum,Homo sapiens,,striated muscles,striated muscles
112,Bryonosema plumatellae,Plumatella nitens,,,
113,Bryonosema tuftyi,Plumatella sp.,,,
114,Burenella dimorpha,Solenopsis geminata (type host); Solenopsis xyloni; Solenopsis invicta; Solenopsis richteri,,hypodermis (NMB spores); adipose tissue (MB spores),hypodermis; adipose tissue
115,Cambaraspora floridanus,Procambarus paeninsulanus,,muscle,muscle
116,Canningia spinidentis,Pityokteines spinidens,,fat body; Malpighian tubules; muscle; connective tissue; gonads,fat body; Malpighian tubules; muscle; connective tissue; gonads
117,Canningia tomici,Tomicus piniperda,,intestinal; muscle; trachea; Malphigian; connective tissue; adipose; gonads,intestinal; muscle; trachea; Malphigian; connective tissue; adipose; gonads
118,Caudospora palustris,Cnephia ornithophilia (1); Stegopterna mutata (2),,adipose,adipose
119,Caudosporidae sp.,Gigantodax antarcticum; G. chilense; G. fuluescens; G. rufescens; G. rufidulum,,,
120,Chytridiopsis trichopterae,Polycentropus flavomaculatus,,midgut epithelium,midgut epithelium
121,Ciliatosporidium platyophryae,Cirrophrya terricola,,posterior body; appendages,posterior body; appendages
122,Conglomerata obtusa,Daphnia pulex,,adipose,adipose
123,Crepidula beklemishevi,Anopheles beklemishevi,,adipose,adipose
124,Crispospora chironomi,Chironomus plumosus,,Gut epithelium,Gut epithelium
125,Cristulospora aedis,Aedes caspius,,genital ducts (type 1); fat body (type 2),genital ducts; fat body
126,Cristulospora cadyrovi,Culex pipiens,,fat body,fat body
127,Cristulospora sherbani,Culex modestus,,genital ducts (type 1); fat body (type 2),genital ducts; fat body
128,Cucumispora dikerogammari (1),Dikerogammarus villosus; Dikerogammarus haemobaphes; Chaetogammarus ischnus; Pontogammarus crassus,,"Primarily muscle cells (of Dikerogammarus villosus); somatic tissue (secondarily, of Dikerogammarus villosus); adipose tissue (secondarily, of Dikerogammarus villosus); haemolymph (of Dikerogammarus villosus); gonads (of Dikerogammarus villosus)",Primarily muscle cells; somatic tissue; adipose tissue; haemolymph; gonads
129,Cucumispora dikerogammari (2),,,,
130,Cucumispora ornata,Dikerogammarus haemobaphes,,muscles (primary infection site); connective tissue (between the gut and gonad); nervous system (in advanced cases); carapace (in advanced cases),muscles; connective tissue; nervous system; carapace
131,Cucumispora roeselii,Gammarus roeselii,,muscle,muscle
132,Culicospora damnosi,Simulium damnosum,,,
133,Cystosporogenes deliaradicae,Delia radicum,,"fat body (especially prominent in thorax, close to hypoderm)",fat body
134,Cystosporogenes sp.,Agrilus anxius,,Fat body; gut epithelium,Fat body; gut epithelium
135,Desmozoon lepeophtherii (also Paranucleospora theridion) (1),Lepeophtheirus salmonis (1); Salmo salar (2); Caligus elongatus (3); Oncorhynchus mykiss (4),,"epithelium (1, 2); endothelium (2); connective (1); haemocytes (1)",epithelium; endothelium; connective; haemocytes
136,Desmozoon lepeophtherii (also Paranucleospora theridion) (2),,,,
137,Desmozoon lepeophtherii (also Paranucleospora theridion) (3),,,,
138,Desmozoon lepeophtherii (also Paranucleospora theridion) (4),,,,
139,Dictyocoela diporeiae,Diporeia sp.; Amphipoda; Gammaridea,,Muscle surrounding ovaries,Muscle surrounding ovaries
140,Dictyocoela duebenum (1),Gammarus duebeni,,egg; ovarian,egg; ovarian
141,Dictyocoela duebenum (2),,,,
142,Dictyocoela duebenum (3),,,,
143,Dictyocoela roeselum (1),Gammarus roeseli (1); Gammarus balcanicus (2); Gammarus fossarum (3),,egg; ovarian (1),egg; ovarian
144,Dictyocoela roeselum (2),,,,
145,Dimeiospora palustris,Aedes punctor,,adipose,adipose
146,Duboscqia aediphaga,Aedes vigilax,,,
147,Duboscqia dengihilli,Anopheles hilli; Apocyclops dengizicus,,fat body (of Anopheles hilli larva); oenocytes (of Anopheles hilli adult female),fat body; oenocytes
148,Encephalitozoon flavescens,Tomocerus flavescens,,,
149,Encephalitozoon hellem (1),Homo sapiens; Melopsittacus undulatus; Eclectus roratus; Chalcopsitta scintillata,,small intestine; liver (of Eclectus roratus); kidney (of Eclectus roratus); spleen (of of Eclectus roratus); lung (of Eclectus roratus); heart (of of Eclectus roratus); ventriculus (of Eclectus roratus); skeletal muscles (of Eclectus roratus); brain (of Eclectus roratus); eye cornea (of Homo sapiens); eye conjunctiva (of Homo sapiens),small intestine; liver; kidney; spleen; lung; heart; ventriculus; skeletal muscles; brain; eye cornea; eye conjunctiva
150,Encephalitozoon hellem (2),,,,
151,Encephalitozoon hellem (3),,,,
152,Encephalitozoon hellem (4),,,,
153,Encephalitozoon hellem (5),,,,
154,Encephalitozoon intestinalis (= Septata intestinalis) (1),Homo sapiens,,intestines; villus enterocytes; lamina propria macrophages; lamina propria fibroblasts; lamina propria endothelial cells; gall bladder epithelium; gall bladder macrophages; kidney tubular cells; kidney transitional cells; nasal mucosa,intestines; villus enterocytes; lamina propria macrophages; lamina propria fibroblasts; lamina propria endothelial cells; gall bladder epithelium; gall bladder macrophages; kidney tubular cells; kidney transitional cells; nasal mucosa
155,Encephalitozoon intestinalis (= Septata intestinalis) (2),,,,
156,Encephalitozoon intestinalis (= Septata intestinalis) (3),,,,
157,Encephalitozoon lacertae,Mabuya perrotetii; Podracis muralis,,large intestine epithelium; cloaca,large intestine epithelium; cloaca
158,Encephalitozoon pogonae,Pogona vitticeps,,macrophages,macrophages
159,Encephalitozoon romaleae,Romalea microptera,,epithelium; intestinal; midgut,epithelium; intestinal; midgut
160,Encephalitozoon sp. (?),Agapornis roseicolli,,liver; kidney (tubule epithelium),liver; kidney; tubule epithelium
161,Encephalitozoon sp. 2,Homo sapiens,,,
162,Encephalitozoon sp. 3,Homo sapiens,,eye cornea,eye cornea
163,Encephalitozoon sp. 4,Homo sapiens,,found in a liver lesion caused by Echinococcus multilocularis,found in a liver lesion caused by Echinococcus multilocularis
164,Encephalitozoon sp. 5,Struthio camelus,,small intestine,small intestine
165,Encephalitozoon sp. 6,Amblyomma cajennense; Anocentor nitens,,midgut epithelium; salivary gland,midgut epithelium; salivary gland
166,Encephalitozoon sp. 7,Homo sapiens,,jejunal enterocytes; distal duodenal enterocytes; macrophages (in lamina propria through muscularis mucosae into submucosa of small intestine tract),jejunal enterocytes; distal duodenal enterocytes; macrophages; in lamina propria through muscularis mucosae into submucosa of small intestine tract
167,Encephalitozoon vrevi,Macrocyclops distinctus,,fat body,fat body
168,Endoreticulatus eriocheir (Hepatospora eriocheir),Eriocheir sinensis,,epithelium,epithelium
169,Endoreticulatus poecilimonae,Poecilimon thoracicus,,midgut; gastric caeca,midgut; gastric caeca
170,Endoreticulatus sp. from Eilema complana,Eilema complana,,Midgut epithelium,Midgut epithelium
171,Enterocytospora artemiae,Artemia franciscana; Artemia monica; parthenogenetica,,Intestinal epithelium,Intestinal epithelium
172,Enterocytozoon bieneusi (1),Homo sapiens; Macaca mulatta,,"intestinal epithelium (enterocytes, of Homo sapiens); bilary duct; nasal epithelium; gallbladder (of Macaca mulatta); common bile duct (of Macaca mulatta); intrahepatic bile duct (of Macaca mulatta)",intestinal epithelium; enterocytes; bilary duct; nasal epithelium; gallbladder; common bile duct; intrahepatic bile duct
173,Enterocytozoon bieneusi (2),,,,
174,Enterocytozoon bieneusi (3),,,,
175,Enterocytozoon bieneusi (4),,,,
176,Enterocytozoon hepatopenaei,Penaeus monodon,,epithelium; hepatopancreas,epithelium; hepatopancreas
177,Enterocytozoon salmonis (Nucleospora salmonis) (1),Oncorhynchus tshawytscha; Oncorhynchus mykiss,,hematopoietic cells; kidney epithelium; urinary tubule epithelium; rodlet cells,hematopoietic cells; kidney epithelium; urinary tubule epithelium; rodlet cells
178,Enterocytozoon salmonis (Nucleospora salmonis) (2),,,,
179,Enterocytozoon salmonis (Nucleospora salmonis) (3),,,,
180,Enterocytozoon sp.,Cyclopterus lumpus,,lymphocyte-like cells in renal interstitum; lymphocyte-like cells in spleen; liver; gills; stomach (lamina propria and submucosa); pyloric caecae; heart; ovary; mesenteric fat,lymphocyte-like cells in renal interstitum; lymphocyte-like cells in spleen; liver; gills; stomach; lamina propria and submucosa; pyloric caecae; heart; ovary; mesenteric fat
181,Enteropsectra breve,Oscheius tipulae,,intestine (does not affect intestinal cells),intestine
182,Enteropsectra longa,Oscheius sp. 3,,epidermis,epidermis
183,Enterospora canceri,Cancer pagurus,,epithelium,epithelium
184,Enterospora nucleophila,Sparus aurata,,primarily intestine; rarely in the stomach,primarily intestine; rarely in the stomach
185,Episeptum anaboliae,Anabolia furcata,,adipose,adipose
186,Episeptum circumscriptum,Hydropsyche siltalai,,fat body,fat body
187,Episeptum invadens,Limnephilus fuscicornis,,fat body,fat body
188,Episeptum inversum,Holocentropus picicornis,,,
189,Episeptum pseudoinversum,Sericostoma personatum,,adipose,adipose
190,Episeptum trichoinvadens,Potamophylax cingulatus,,adipose,adipose
191,Episeptuni inversum,Holocentropus picicornis,,adipose tissue,adipose tissue
192,Euplotespora binucleata,Euplotes woodruffi,,,
193,Facilispora margolisi,Lepeoptheirus salmonis; Lepeophtheirus cuneifer; Lepeophtheirus parviventris,,subcuticular connective tissue; skeletal muscle; ovary; and digestive gland,subcuticular connective tissue; skeletal muscle; ovary; and digestive gland
194,Fibrillanosema crangonycis,Crangonyx pseudogracilis,,gonadal,gonadal
195,Fibrillaspora daphniae (1),Daphnia magna,,,
196,Fibrillaspora daphniae (2),,,,
197,Flabelliforma diaptomi (= Stempellia diaptomi),Diaptomus gracilis,,adipose tissue,adipose tissue
198,Flabelliforma montana,Phlebotomus ariasi,,midgut (primary infection site); fat body,midgut; fat body
199,Flabelliforma ostracoda,Candona sp.,,,
200,Fusasporis stethaprioni,Gymnocorymbus ternetzi (type host); Paracheirodon axelrodi,,"systemic infection (most organs, similar tissues infected for both hosts); gills; macrophages; intestines (submucosa and muscularis); liver (hepatic parenchyma); testes (stroma); coelomic cavity; pancreas (stroma); ovary (stroma); spleen; adipose tissue; bile duct; skeletal muscles; eye (choroid rete); spinal cord; peripheral ganglia; pseudobranch; meninges",systemic infection; gills; macrophages; intestines; submucosa and muscularis; liver; hepatic parenchyma; testes; stroma; coelomic cavity; pancreas; stroma; ovary; stroma; spleen; adipose tissue; bile duct; skeletal muscles; eye; choroid rete; spinal cord; peripheral ganglia; pseudobranch; meninges
201,Geusia gamocystis,Gamocystis ephemerae,,Intestine,Intestine
202,Globosporidium paramecii,Paramecium primaurelia,,,
203,Globulispora mitoportans,Daphnia pulex; Simocephalus vetulus,,midgut; gastric ceca epithelium,midgut; gastric ceca epithelium
204,Glugea americanus,Lophius americanus,,,
205,Glugea arabica,Epinephelus polyphekadion,,Intestinal wall,Intestinal wall
206,Glugea atherinae,Atherina boyeri,,gut wall; general cavity,gut wall; general cavity
207,Glugea capverdensis,Myctophum punctatum,,,
208,Glugea eda,Caesio striata,,mesenteric tissues,mesenteric tissues
209,Glugea heraldi,Hippocampus erectus,,connective tissues (subcutaneous),connective tissues; subcutaneous
210,Glugea jazanensis,Lutjanus bohar,,skeletal muscles of the abdominal cavity; mesenteric tissues,skeletal muscles of the abdominal cavity; mesenteric tissues
211,Glugea malabaricii,Carangoides malabaricus,,Liver; intestine; gonads,Liver; intestine; gonads
212,Glugea nagelia,Cephalopholis hemistiktos,,intestinal wall,intestinal wall
213,Glugea nemipteri,Nemipterus japonicus,,muscles; gonads; liver,muscles; gonads; liver
214,Glugea pagri,Pagrus major,,Throughout the visceral organs of infected fish,Throughout the visceral organs of infected fish
215,Glugea plecoglossi,Plecoglossus altivelis (also infects Plecoglossus altivelis altivelis subspecies),Salmo gairdneri,peritoneum; visceral cavity; ovary; testes; fat body; pyloric caeca; spleen; muscles; liver; heart; gills; iris,peritoneum; visceral cavity; ovary; testes; fat body; pyloric caeca; spleen; muscles; liver; heart; gills; iris
216,Glugea serranus,Serranus atricauda,,connective tissue of the coelomic cavity,connective tissue of the coelomic cavity
217,Glugea sp. 4,Glyptocephalus cynoglossus,,skeletal muscles,skeletal muscles
218,Glugea vincentiae,Vincentia conspersa,,subcutaneous,subcutaneous
219,Gurleya daphniae,Daphnia pulex,,epidermis,epidermis
220,Gurleya dorisae,Anabolin nervosa; Micropterna lateralis,,adipose tissue (of Anabolin nervosa),adipose tissue
221,Gurleya orchestiae,Orchestia bottae,,muscle,muscle
222,Gurleya polonica,Gammarus duebeni,,,
223,Gurleya pontica,Palaemon elegans,,,
224,Hamiltosporidium magnivora (= Flabelliforma magnivora) (1),Daphnia magna,,fat body; hypodermic cells; ovary,fat body; hypodermic cells; ovary
225,Hamiltosporidium magnivora (= Flabelliforma magnivora) (2),,,,
226,Hamiltosporidium tvaerminnensis,Daphnia magna,,adipose; ovaries; hypodermis,adipose; ovaries; hypodermis
227,Helmichia aggregata,Endochironomus sp.,,fat body,fat body
228,Helmichia anomala,Microtendipes pedellus,,adipose,adipose
229,Helmichia glandulicola,Chironomus anthracinus,,salivary glands,salivary glands
230,Helmichia lacustris (1),Chironomus plumosus,,fat body,fat body
231,Helmichia lacustris (2),,,,
232,Heterosporis cichlidarum,Hemichromis bimaculatus,,striated muscles,striated muscles
233,Heterosporis lessepsianus,Saurida lessepsianus,,abdominal cavity; skeletal muscles; mesenteric tissues,abdominal cavity; skeletal muscles; mesenteric tissues
234,Heterosporis saurida,Saurida undosquamis,,skeletal muscle of the abdominal cavity,skeletal muscle of the abdominal cavity
235,Heterosporis schuberti,Pseudocrenilabrus multicolor,,,
236,Heterosporis sutherlandae,Perca flavescens; Esox lucius; Sander vitreus,,Skeletal muscles; mesenteric tissues,Skeletal muscles; mesenteric tissues
237,Heterovesicula cowani (= Vairimorpha sp.) (1),Anabrus simplex,,adipose tissue (main infection site); Malpighian tubules; fat body,adipose tissue; Malpighian tubules; fat body
238,Heterovesicula cowani (= Vairimorpha sp.) (2),,,,
239,Hrabyeia xerkophora,"""freshwater oligochaete""",,body cavity coelomocytes,body cavity coelomocytes
240,Hyalinocysta expilatoria,Odagmia ornata,,,
241,Hyperspora aquatica,Marteilia cochillia,,Primary cells,Primary cells
242,Ichthyosporidium weissii,Clevelandia ios,,Connective tissue in Gonad,Connective tissue in Gonad
243,Intexta acarivora,Tyrophagus putrescentiae,,gut epithelium,gut epithelium
244,Intrapredatorus barri,Culex fuscanus (type host); Culex halifaxi,,fat body,fat body
245,Issia globulifera (Senoma globulifera),Anopheles maculipennis,,,
246,Janacekia adipophila,Ptychoptera paludosa,,adipose tissue,adipose tissue
247,Janacekia tainanus,Kiefferulus tainanus,,adipose,adipose
248,Jirovecia involuta,Limnodrilus hoffmeisteri,,,
249,Jirovecia sinensis,Branchiura sowerbyi,,coelomocytes,coelomocytes
250,Johenrea locustae (1),Locusta migratoria capito,Locusta migratoria migratorioides; Schistocerca gregaria,fat body; adipose tissue; hemocoel; body wall; digestive tract (primary infection site),fat body; adipose tissue; hemocoel; body wall; digestive tract
251,Johenrea locustae (2),,,,
252,Kabataia arthuri (= Microsporidium arthuri) (1),Pangasius sutchi,,trunk muscles,trunk muscles
253,Kabataia arthuri (= Microsporidium arthuri) (2),,,,
254,Kabatana newberryi,Eucyclogobius newberryi,,muscle,muscle
255,Kabatana rondoni,Gymnorhamphichthys rondoni,,Skeletal muscle of intestine,Skeletal muscle of intestine
256,Kinorhynchospora japonica,Kinorhynchus yushini,,mid-intestinal epithelium,mid-intestinal epithelium
257,Kneallhazia carolinensae,Solenopsis carolinensis,,Fat body,Fat body
258,Kneallhazia solenopsae (1),Solenopsis invicta; Solenopsis richteri,,fat body; ovary (of queens),fat body; ovary
259,Kneallhazia solenopsae (2),,,,
260,Kneallhazia solenopsae (3),,,,
261,Kudoa islandica,Cyclopterus lumpus,,,
262,Lanatospora costata,Megacyclops viridis,,adipose; connective tissue cells,adipose; connective tissue cells
263,Lanatospora tubulifera,Acanthocyclops vernalis,,connective tissue (between muscle strands and beneath hypodermis),connective tissue
264,Larssonia hiberna,Daphnia magna (females),,adipose tissue; hemocoel,adipose tissue; hemocoel
265,Larssoniella duplicati,Ips duplicatus,,midgut; muscle; Malphigian; ovarian,midgut; muscle; Malphigian; ovarian
266,Larssoniella resinellae,Petrova resinella,,silk glands (primary infection site); Malpighian tubules; fat body; gonads (pupa and adult); egg,silk glands; Malpighian tubules; fat body; gonads; egg
267,Liebermannia covasacrae,Covasacris pallidinota,,epithelium; salivary gland,epithelium; salivary gland
268,Liebermannia patagonica,Tristira magellanica,,epithelium,epithelium
269,Liebermannia sp. [unknown],Chorthippus loratus,,,
270,Loggerhead turtle microsporidium,Caretta caretta,,skeletal muscle,skeletal muscle
271,Loma boopsi,Boops boops,,liver; intestinal epithelium; pyloric caeca,liver; intestinal epithelium; pyloric caeca
272,Loma camerounensis,Oreochromis niloticus,,oesophagus; intestine (mainly in duodenum); sub-epithelial gut connective tissue,oesophagus; intestine; mainly in duodenum; sub-epithelial gut connective tissue
273,Loma diplodae,Diplodus sargus,,,
274,Loma embiotocia,Cymatogaster aggregata,,secondary lamellae of gills,secondary lamellae of gills
275,Loma fontinalis,Savelinus fontinalis,,,
276,Loma kenti,Microgadus proximus,,Primarily gills; secondarily in gonads; spleen; heart; gallbladder; liver; kidney,Primarily gills; secondarily in gonads; spleen; heart; gallbladder; liver; kidney
277,Loma lingcodae,Ophiodon elongatus,,Primarily gills; secondarily in spleen; heart; liver; gallbladder; kidney; and especially gonads.,Primarily gills; secondarily in spleen; heart; liver; gallbladder; kidney; and especially gonads.
278,Loma morhua (1),Gadus morhua; Melanogrammus aeglefinus,,,
279,Loma morhua (2),,,,
280,Loma mugili,Planiliza haematocheila (Mugil soiuy),,gills,gills
281,Loma myrophis,Myrophis platyrhynchus,,intestinal epithelium,intestinal epithelium
282,Loma pacificodae,Gadus macrocephalus,,Primarily gills; secondarily gonads; spleen; heart; liver; kidney,Primarily gills; secondarily gonads; spleen; heart; liver; kidney
283,Loma psittaca,Colomesus psittacus,,intestinal,intestinal
284,Loma richardi,Anoplopoma fimbria,,Primarily gills; secondarily in spleen; heart; liver; gallbladder; kidney; and gonads.,Primarily gills; secondarily in spleen; heart; liver; gallbladder; kidney; and gonads.
285,Loma salmonae (1),Oncorhynchus mykiss; Oncorhynchus kisutch; Oncorhynchus tshawytscha; Salvelinus fontinalis; Salmo trutta,,gills; spleen; heart,gills; spleen; heart
286,Loma salmonae (2),,,,
287,Loma salmonae (3),,,,
288,Loma sp.,Oncorhynchus mykiss,,heart; spleen; peripheral vessel walls; intestines; liver; gills,heart; spleen; peripheral vessel walls; intestines; liver; gills
289,Loma trichiuri,Trichiurus savala,,gills,gills
290,Loma wallae,Theragra chalcogramma,,,
291,Lotmaria passim,Apis mellifera; Apis cerana,,ileum,ileum
292,Merocinta davidii,Mansonia africana,,midgut (larva); ovary (adult),midgut; ovary
293,Metchnikovella sp. (?),Ephydatia fluviatilis,,archaeocytes; spongioblasts; amphidiskoblasts,archaeocytes; spongioblasts; amphidiskoblasts
294,Metchnikovella spiralis,Polyrhabdina elegans,,,
295,Microfilum lutjani,Lutjanus fulgens,,gill filaments,gill filaments
296,Microgemma carolinus,Trachinotus carolinus,,Liver,Liver
297,Microgemma hepaticus,Chelon labrosus,,liver,liver
298,Microgemma tilanpasiri,Trypauchen vagina,,liver,liver
299,Microgemma tincae,Symphodus tinca,,liver,liver
300,Microgemma vivaresi,Taurulus bubalis,,liver; muscle,liver; muscle
301,Microspordium sp. C. aurata,Crepidodera aurata,,,
302,Microsporidium 1 (unnamed species),Aedes albopictus,,fat body,fat body
303,Microsporidium 2 (unnamed species),Orthopodomyia signifera,,fat body,fat body
304,Microsporidium acanthocephali,Acanthocephaloides propinquus; Yamagutisentis sp.; Acanthocephaloides geneticus,,,
305,Microsporidium aedium,Aedes cantans,,gastric caeca,gastric caeca
306,Microsporidium anoeti,Anoetus feroniarum,,parenchimatous cells,parenchimatous cells
307,Microsporidium aplysiae,Aplysia californica,,neurons (abdominal ganglia),neurons; abdominal ganglia
308,Microsporidium argyrogrammi,Argyrogramma agnata,,Fat body,Fat body
309,Microsporidium aurata,Sparus aurata,,general infection (of organs); muscles; connective tissues; and the intestinal epithelium,general infection; muscles; connective tissues; and the intestinal epithelium
310,Microsporidium brevirostris,Brachyhypopomus brevirostris,,muscle,muscle
311,Microsporidium caeruleosticti,Sparus caeruleostictus,,liver,liver
312,Microsporidium canariensis,Dentex maroccanus,,liver,liver
313,Microsporidium cerebralis,Salmo salar,,brain; motor neurons,brain; motor neurons
314,Microsporidium ceylonensis,Homo sapiens,,eye cornea; macrophages (in corneal tissue),eye cornea; macrophages
315,Microsporidium chironomi from 1981,Chironomus attenuatus,,fat body,fat body
316,Microsporidium chloroscombri,Chloroscombrus chrysurus,,liver,liver
317,Microsporidium cypselurus,Cypselurus pinnatibarbatus japonicus,,muscle,muscle
318,Microsporidium dicologolossae,Dicologolossa cuneata,,liver,liver
319,Microsporidium enchytreidorum,Fridericia ratzeli,,,
320,Microsporidium epithelialis,Tubifex sp.,,intestinal epithelium,intestinal epithelium
321,Microsporidium fimbriatum,Aedes taeniorhynchus,,fat body (type 1); egg (type 2),fat body; egg
322,Microsporidium goeldichironomi,Goeldichironomus holoprasinus,,,
323,Microsporidium grylli,Gryllus bimaculatus,,,
324,Microsporidium itiiti (Endoreticulatus itiiti) (1),Listronotus bonariensis,,,
325,Microsporidium itiiti (Endoreticulatus itiiti) (2),,,,
326,Microsporidium kosewiense,Psectrotanipus sp.,,fat body,fat body
327,Microsporidium lesiodermi,Lesioderma sericorne,,fat body; hemoctye; midgut epithelium,fat body; hemoctye; midgut epithelium
328,Microsporidium lotaensis,Aedes vigilax,,,
329,Microsporidium luciopercae,Sander lucioperca,,,
330,Microsporidium maroccani,Dentex canariensis,,liver,liver
331,Microsporidium milevae (1),Thunnus thynnus,,intestinal,intestinal
332,Microsporidium milevae (2),,,,
333,Microsporidium novacastriensis,Deroceras reticulatum,,,
334,Microsporidium oligochaetae,Fridericia ratzeli,,,
335,Microsporidium pagri,Sparus pagrus pagrus,,liver,liver
336,Microsporidium phoronidi,Phoronis embryolab,,Vasoperitoneal tissue surrounding embryos,Vasoperitoneal tissue surrounding embryos
337,Microsporidium phytoseiuli,Phytoseiulus persimilis,,cortical region of supraesophageal ganglia; cortical region of subesophageal hanglia; muscles; paranchyma; ventriculus digestive cells; cecal wall; developing eggs,cortical region of supraesophageal ganglia; cortical region of subesophageal hanglia; muscles; paranchyma; ventriculus digestive cells; cecal wall; developing eggs
338,Microsporidium propinqui,Acanthocephaloides propinquus,,,
339,Microsporidium rapuae,Ostreu luturiu,,,
340,Microsporidium rhabdophilia,Oncorhynchus tshawtscha; Oncorhynchus kisutch; Salmo gairdnerii gairdnerii,,rodlet cells,rodlet cells
341,Microsporidium rhabdophilum,Rhabditis myriophila,,pharyngeal glands; hypodermis; tissues around basal bulb; uterus (wall); oviduct; ovotestis; intestine,pharyngeal glands; hypodermis; tissues around basal bulb; uterus; oviduct; ovotestis; intestine
342,Microsporidium sitophili,Sitophilus oryzae,,Malpighian tubules; fat body,Malpighian tubules; fat body
343,Microsporidium sp.,Lepidurus apus,,tissues in protocephalic area; body cavity,tissues in protocephalic area; body cavity
344,Microsporidium sp. 24,Prosopium williamsoni,,,
345,Microsporidium sp. 25,Ips amitinus,,midgut epithelium; midgut muscles; fat body; Malpighian tubules; gonads,midgut epithelium; midgut muscles; fat body; Malpighian tubules; gonads
346,Microsporidium stagnalis,Daphnia pulex,,hematocoel; adipose tissue,hematocoel; adipose tissue
347,Microsporidium synapturae,Synaptura cadenati (1); Synaptura lusitanica (2),,liver (1;2),liver
348,Microsporidium vanstraeleniae,Vanstraelenia chirophthalmus,,liver,liver
349,Mockfordia xanthocaeciliae,Xanthocaecilius sommermanae; Polypsocus corruptus,,Muscles,Muscles
350,Mrazekia macrocyclopis,Macrocyclops albidus,,Adipose,Adipose
351,Multilamina teevani,Uncitermes teevani,,,
352,Mutated Thelohaniidae sp.,Microtendipes pedellus,,fat body,fat body
353,Mutated Unikaryonidae sp.,Cricotopus silvestris,,Malpighian tubules,Malpighian tubules
354,Myospora metanephrops,Metanephrops challengeri,,Sarcoplasm of muscle cells,Sarcoplasm of muscle cells
355,Myosporidium ladogensis (= Pleistophora ladogensis) (1),Lota lota; Osmerus eperlanus,,muscles,muscles
356,Myosporidium ladogensis (= Pleistophora ladogensis) (2),,,,
357,Myosporidium merluccius,Merluccius sp.,,muscle,muscle
358,Myosporidium spraguei,Sander lucioperca; Lota lota,,,
359,Myrmecomorba nylanderiae,Nylanderia fulva,,possibly haemocytes,possibly haemocytes
360,Nadelspora canceri,Cancer magister,,striated muscles,striated muscles
361,Napamichum aequifilum,Limmochares aquatica,,fat body,fat body
362,Napamichum cellatum,Endochironomus sp.,,adipose tissue; fat body,adipose tissue; fat body
363,Nematocida ausubeli,Caenorhabditis briggsae; Caenorhabditis elegans; Caenorhabditis remanei,,intestinal cells,intestinal cells
364,Nematocida ciargi,Procephalobus sp. strain JU2895,,intestinal cells,intestinal cells
365,Nematocida displodere,Caenorhabditis elegans,,epidermis; muscle; neurons; intestine; coelomocytes; and seam cells,epidermis; muscle; neurons; intestine; coelomocytes; and seam cells
366,Nematocida homosporus,Oscheius tipulae; Rhabditella typhae,,intestinal cells,intestinal cells
367,Nematocida major,Caenorhabditis briggsae; Caenorhabditis tropicali,,intestinal cells,intestinal cells
368,Nematocida minor,Oscheius tipulae,,Intestinal cells,Intestinal cells
369,Nematocida parisii (1),Caenorhabditis elegans; Caenorhabditis briggsae,,Intestine,Intestine
370,Nematocida parisii (2),,,,
371,Neonosemoides tilapiae,Tilapia nyongana,,,
372,Nephridiophaga maderae,Leucophaea maderae,,Malpighian tubules,Malpighian tubules
373,Nolleria pulicis,Ctenocephalides felis; Pulex simulans (?),,midgut epithelial cells,midgut epithelial cells
374,Nosema acari,Damaeus onustus; Damaeus clavipes,,caecum; lymphocytes,caecum; lymphocytes
375,Nosema adaliae,Adalia bipunctata,,ovaries; developing oocytes; spermatocytes and accessory glands within the testes; midgut epithelium; Malpighian tubules; ileum; colon; fat body; ventral nerve cord; flight muscles,ovaries; developing oocytes; spermatocytes and accessory glands within the testes; midgut epithelium; Malpighian tubules; ileum; colon; fat body; ventral nerve cord; flight muscles
376,Nosema adjuncta,Otiorrhynchus equestris,,ovaries,ovaries
377,Nosema aegypti,Procamallanus elatensis,,coelomic cavity; musculature,coelomic cavity; musculature
378,Nosema aenescens,Pyrrhalta aenescens,,General in adults; midgut only in larvae,General in adults; midgut only in larvae
379,Nosema agnatae,Argyrogramma agnata,,General infection,General infection
380,Nosema alticae,Altica hampei,,fat body; gonads; Malpighian tubules; gut; hemolymph,fat body; gonads; Malpighian tubules; gut; hemolymph
381,Nosema apicalis,Hylobittacus apicalis,,,
382,Nosema apterygotae,Orchesella flavescens,,,
383,Nosema asiaticus,Oedaleus asiaticus,,midgut;gastric caeca;Malpighian tubules and gonads,midgut; gastric caeca; Malpighian tubules and gonads
384,Nosema assamensis,Antheraea assamensis,,,
385,Nosema bengalis,Nemipterus japonicus,,gills,gills
386,Nosema birgii,Mesoplatys cincta,,,
387,Nosema blissi,Blissus leucopterus hirtus,,Malpighian tubules,Malpighian tubules
388,Nosema bordati,Chilo partellus,,adipose tissue; Malpighian tubule; muscles; intestinal mucosa; gut wall; ovocyte; egg,adipose tissue; Malpighian tubule; muscles; intestinal mucosa; gut wall; ovocyte; egg
389,Nosema calcarati,Pityogenes calcaratus,,,
390,Nosema ceranae (1),Apis cerana; Apis mellifera; Galleria mellonella,,ventriculus epithelium,ventriculus epithelium
391,Nosema ceranae (2),,,,
392,Nosema ceranae (3),,,,
393,Nosema chaetocnemae,Chaetocnema tibialis,,muscle; intestinal; trachea; Malphigian,muscle; intestinal; trachea; Malphigian
394,Nosema chrysoperlae,Chrysoperla carnea,,Malpighian tubules; ileum; and rectum (hindgut) are heavily infected; proventriculus; diverticulum; epithelial cells (posterior midgut); fat body; ganglia; and flight muscles; gonads (male),Malpighian tubules; ileum; and rectum; proventriculus; diverticulum; epithelial cells; posterior midgut; fat body; ganglia; and flight muscles; gonads
395,Nosema chrysorrhoeae,Euprocitis chrysorrhoea,,epithelium; muscle; silk glands; Malphigian,epithelium; muscle; silk glands; Malphigian
396,Nosema costelytrae,Costelytra zealandica,Planotortrix excessana,fat body; tracheole cells; nerve ganglia; muscles; midgut muscles; hindgut muscls; rectal pouch muscles; muscles beneath cuticle; silk gland (in experimental P. excessana host); Malpighian tubules (in experimental P. excessana host),fat body; tracheole cells; nerve ganglia; muscles; midgut muscles; hindgut muscls; rectal pouch muscles; muscles beneath cuticle; silk gland; Malpighian tubules
397,Nosema cristatellae (Pseudonosema cristatellae),Cristatella mucedo,,body wall epithelium,body wall epithelium
398,Nosema dikerogammari,Dikerogammarus villosus; Pontogamtnarus crassus,,muscle,muscle
399,Nosema diphterostomi,Diphterostomum brusinae,,intestinal; connective,intestinal; connective
400,Nosema dryocoetesi,Dryocoetes autographus,,,
401,Nosema dungeri,Isotoma violacea,,,
402,Nosema empoascae,Empoasca fabae,,salivary glands; anterior midgut; Malpighian tubules; testes; ovarioles; hemocoel (low infection); egg,salivary glands; anterior midgut; Malpighian tubules; testes; ovarioles; hemocoel; egg
403,Nosema epilachnae,Epilachna varivestis,,,
404,Nosema equestris,Otiorrhynchus equestris,,connective tissue; Malpighian tubes; oenocytes; fat body,connective tissue; Malpighian tubes; oenocytes; fat body
405,Nosema euzeti,Euzetes seminulum,,fat body; hemoctyes; ovaries; general infection,fat body; hemoctyes; ovaries; general infection
406,Nosema fuhreri,Phtiracarus globosus,,lymphocytes; gonads,lymphocytes; gonads
407,Nosema fumiferanae (postvittana isolate),Epiphyas postvittana,,,
408,Nosema furnacalis,Ostrinia nubilalis,Helicoverpa zea,silk gland (of Ostrinia nubilalis),silk gland
409,Nosema galerucellae,Galerucella luteola,,,
410,Nosema galleriae,Galleria mellonella,,systemic infection; silk glands; Malpighian tubules; fat body; nerves; hemocytes; gonads; midgut epithelium,systemic infection; silk glands; Malpighian tubules; fat body; nerves; hemocytes; gonads; midgut epithelium
411,Nosema gigantica,Allocreadium fasciatusi,,parenchyma,parenchyma
412,Nosema granulosis,Gammarus duebeni,,gonadal tissue (adult); subcuticular cells (juvenile); systemic infection (embryo); embryo,gonadal tissue; subcuticular cells; systemic infection; embryo
413,Nosema hermannia,Hermannia gibba,,,
414,Nosema hylobi,Hylobius abietis,,,
415,Nosema jirivavrai,Batracobdella picta,,muscle; connective tissue,muscle; connective tissue
416,Nosema lepidocyrti,Lepidocyrtus lignorum,,,
417,Nosema lepocreadii,Lepocreadium manteri,,,
418,Nosema limbata,Tramea limbata,,,
419,Nosema liturae,Spodoptera litura,Helicoverpa armigera (experimental host),general infection,general infection
420,Nosema maddoxi,Chinavia hilaris; Halyomorpha halys; Euschistus servus; Euschistus tristigmus,Euschistus variolarius; Podisus maculiventris; Nezara viridula; Oncopeltus fasciatus,midgut (primary infection site); fat body (primary infection site); egg,midgut; fat body; egg
421,Nosema manierae,Chilo zacconius; Heliothis armigera,,intestinal epithelium (in Heliothis armigera); adipose tissue (in Helios armigera); systemic infection (in Chilo zacconius); muscles (in Chilo zacconius); hypodermis (in Chilo zacconius); peritracheal cells (in Chilo zacconius); salivary glands (in Chilo zacconius); cerebral ganglia (in Chilo zacconius); gonads (in Chilo zacconius),intestinal epithelium; adipose tissue; systemic infection; muscles; hypodermis; peritracheal cells; salivary glands; cerebral ganglia; gonads
422,Nosema marucae,Maruca testulalis,,fat body; Malpighian tubules; integumental epithelial cells; tracheal epithelial cells; heart; inter-membrane tissue; hemocytes,fat body; Malpighian tubules; integumental epithelial cells; tracheal epithelial cells; heart; inter-membrane tissue; hemocytes
423,Nosema medinalis,Cnaphalocrocis medinalis,,many tissues except fat body,many tissues except fat body
424,Nosema melasomae,Cyrsomela populi,,Haemolymph; epithelium,Haemolymph; epithelium
425,Nosema monorchis,Monorchis parvus,,intestinal; uterine,intestinal; uterine
426,Nosema montanae,Melanoplus packardii,,fat body,fat body
427,Nosema muscidifuracis,Muscidifurax raptor,,midgut epithelium; Malpighian tubules; ovary; oocytes; fat body; egg,midgut epithelium; Malpighian tubules; ovary; oocytes; fat body; egg
428,Nosema mylitta,Antheraea mylitta,,,
429,Nosema neumanni,Apis mellifera,,midgut,midgut
430,Nosema nisotrae,Nisotra sp.,,,
431,Nosema omaniae,Omania coleoptrata,,fat body; muscles; nervous tissue,fat body; muscles; nervous tissue
432,Nosema onychiurus,Onychiurus quadriocellatus,,,
433,Nosema ormieresi,Marteilia refringens,,,
434,Nosema pariacanthi,Priacanthus boops,,liver,liver
435,Nosema parkeri,Ornithodoros parkeri,,hypodermis; Malpighian tubules; ovary; testes; salivary glands; midgut; central nerve mass,hypodermis; Malpighian tubules; ovary; testes; salivary glands; midgut; central nerve mass
436,Nosema partelli,Chilo partellus,,fat body; Malpighian tubules; muscles; alimentary canal; egg,fat body; Malpighian tubules; muscles; alimentary canal; egg
437,Nosema peridromae,Peridroma saucia,,fat body; midgut; general infection,fat body; midgut; general infection
438,Nosema pernyi,Antheraea pernyi,,gut wall; silk glands; blood cells; Malpighian tubes; muscles; ovary; nerves; and epidermis (2),gut wall; silk glands; blood cells; Malpighian tubes; muscles; ovary; nerves; and epidermis
439,Nosema petrosa,Lepidocyrtus cyaneus,,,
440,Nosema pfeifferi,Acanthocyclops viridis,,Fatty body,Fatty body
441,Nosema pieriae,Pieris brassicae,,Gut epithelium,Gut epithelium
442,Nosema pilicornis,Schizocerella pilicornis (type host),Heliothis zea; Spodoptera frugiperda; Diacrisia virginica; Autographa precationis,systemic infection; midgut epithelium; Malpighian tubules; fat body (in Schizocerella pilicornis); salivary glands (in Schizocerella pilicornis); muscles (in Schizocerella pilicornis); gonads (in Schizocerella pilicornis); egg,systemic infection; midgut epithelium; Malpighian tubules; fat body; salivary glands; muscles; gonads; egg
443,Nosema podocotyloidis,Podocotyloides magnatestis,,,
444,Nosema polyphemi,Polyphemus pediculus,,Ovaries,Ovaries
445,Nosema pontogammari,Pontogammarus crassus,,muscle,muscle
446,Nosema porphyriniae,Porphyrinia amasina,,gut; silk glands; gonads; hemocytes; systemic infection,gut; silk glands; gonads; hemocytes; systemic infection
447,Nosema portugal,Lymantria dispar,,midgut epithelium (primary spores); muscles around midgut (primary spores); silk gland (environmental spores); fat body (environmental spores),midgut epithelium; muscles around midgut; silk gland; fat body
448,Nosema ptinidorum,Ptinus brunneus,,,
449,Nosema pyrgomorpha,Pyrgomorpha cognata,,salivary glands (primary infection site); testes; ovary,salivary glands; testes; ovary
450,Nosema pyrgomorphae,Pyrgomorpha conica tereticornis,,gut epithelium; adipose tissue; muscles,gut epithelium; adipose tissue; muscles
451,Nosema pyrrhocoridis,Pyrrhocoris apterus,,midgut epithelium (primary infection site); Malpighian tubules,midgut epithelium; Malpighian tubules
452,Nosema rachiplusiae,Rachiplusia nu,,adipose; tracheal matrix; epidermis,adipose; tracheal matrix; epidermis
453,Nosema raphidiae,Raphidia ophiopsis,,intestinal,intestinal
454,Nosema ricini,Philosamia ricini,,,
455,Nosema salivaria,Anopheles gambiae,,,
456,Nosema scripta,Chrysomela scripta,Leptinotarsa decemlineata,fat body; midgut; hindgut; muscles; central nerve cord; Malpighian tubules; tracheal end cells; ovary,fat body; midgut; hindgut; muscles; central nerve cord; Malpighian tubules; tracheal end cells; ovary
457,Nosema semiothisae,Semiothisa cinercaria,,General infection,General infection
458,Nosema sp. 28,Galleria mellonella,,,
459,Nosema sp. 29,Listronotus bonariensis,,,
460,Nosema sp. 30,Sceliodes cordalis,,,
461,Nosema sp. 31,Spodoptera depravata,Antheraea eucalypti,,
462,Nosema sp. 32,Ectomyelois ceratoniae,,Malpighian tubules,Malpighian tubules
463,Nosema sp. 33,Helicoverpa armigera,,midgut; Malpighian tubules; gut muscles,midgut; Malpighian tubules; gut muscles
464,Nosema sp. 34,Chorthippus curtipennis,,gastric caeca; alimentary tract; gonads; egg,gastric caeca; alimentary tract; gonads; egg
465,Nosema sp. 35,,,,
466,Nosema sp. 36,Spodoptera depravata,Antheraea eucalypti,,
467,Nosema sp. 37,Tyria jacobaeae,,,
468,Nosema sp. CmM2,Cnaphalocrocis medinalis; Bombyx mori,,,
469,Nosema sp. CS,Chilo suppressalis; Bombyx mori,,,
470,Nosema sp. from Operophtera brumata,Operophtera brumata,,Adipose,Adipose
471,Nosema sp. from Orthosia cerasi,Orthosia cerasi,,Silk glands; fat body,Silk glands; fat body
472,Nosema sp. from Orthosia cruda,Orthosia cruda,,Silk glands; fat body,Silk glands; fat body
473,Nosema sp. from Tortrix viridana,Tortrix viridana,,Adipose,Adipose
474,Nosema sp. HA,Bombyx mori,,midgut; Malpighian tubules; muscle; fat body; silk glands; hemocytes; nerve tissue; gonads,midgut; Malpighian tubules; muscle; fat body; silk glands; hemocytes; nerve tissue; gonads
475,Nosema sp. HR,Histia rhodope; Bombyx mori,,alimentary canal; silk glands; fat bodies; malpighian tubules; muscle; gonad,alimentary canal; silk glands; fat bodies; malpighian tubules; muscle; gonad
476,Nosema sp. MC,Megacopta cribraria,,midguts; silkglands; gonads; muscle; fat body; Malpighian tubules,midguts; silkglands; gonads; muscle; fat body; Malpighian tubules
477,Nosema sp. MPr,Pieris rapae,,,
478,Nosema sp. PA,Phyllobrotica armata,,,
479,Nosema spodopterae,,,,
480,Nosema steganacari,Steganacurus striculus,,gut-wall,gut-wall
481,Nosema telengae,Laspeyresia pyrivora,,systemic infection (except hypodermis and nervous tissue),systemic infection
482,Nosema transitellae,Paramyelois transitella,,"Fat and silk of salivary glands; to a lesser extent: midgut;
 muscle; and nerve tissue",Fat and silk of salivary glands; to a lesser extent: midgut; muscle; and nerve tissue
483,Nosema trilophidiae,Trilophidia annulata; Oedaleusdecorus,,midgut; gastric caeca; salivary glands; gonods; hemolymph; fatbody; nervous tissue; tracheae and Malpighian tubules,midgut; gastric caeca; salivary glands; gonods; hemolymph; fatbody; nervous tissue; tracheae and Malpighian tubules
484,Nosema tyriae,Tyria jacobaeae,,gut wall; silk gland; fat body; adipose tissue; systemic infection,gut wall; silk gland; fat body; adipose tissue; systemic infection
485,Nosema varivestis,Epilachna varivestis,,,
486,Nosema wistmansi,Operophtera brumata,,oocytes,oocytes
487,Nosema yponomeutae,Yponomeuta padella; Yponomeuta evonymella,,adipose tissue; intestines (lumen and epithelium); oenocytes; lymphocytes; muscles; tracheal matrix,adipose tissue; intestines; lumen and epithelium; oenocytes; lymphocytes; muscles; tracheal matrix
488,Nosemoides simocephali,Simocephalus vetulus,,gut,gut
489,Nosemoides syacii,Syacium micrurum,,stomach (primary site); liver; intestine,stomach; liver; intestine
490,Novothelohania ovalae,Ochlerotatus caspius,,adipose in larvae,adipose in larvae
491,Nucleophaga terricolae,Thecamoeba terricola,,,
492,Nucleospora cyclopteri (1),Cyclopterus lumpus,,Infected lymphocytes infiltrate haematopoietic tissues (kidney and spleen); heart; myocardium; gills; skin,Infected lymphocytes infiltrate haematopoietic tissues; kidney and spleen; heart; myocardium; gills; skin
493,Nucleospora cyclopteri (2),,,,
494,Nucleospora secunda,Nothobranchius rubripinnis,,intestinal epithelium,intestinal epithelium
495,Nucleospora sp.,Danio rerio,,coelom,coelom
496,Nudispora biformis,Coenagrion hastulaturn,,fat cells (disintegrated into a syncytium and hypoderm); adipose tissue,fat cells; disintegrated into a syncytium and hypoderm; adipose tissue
497,Octosporea collembolae,Onychiurus quadriocellatus,,,
498,Octosporea diaphanosomae,Diaphanosoma brachyurum,,Ovaries,Ovaries
499,Oligosporidium arahnicolum,Xysticus cambridgei,,oocytes; ovarian pedicular cells,oocytes; ovarian pedicular cells
500,Oligosporidium occidentalis,Metaseiulus occidentalis,,egg; ovarian; intestinal; muscle; epithelium,egg; ovarian; intestinal; muscle; epithelium
501,Oogranate pervascens,Maculaura alaskensis; Maculaura aquilonia; Maculaura oregonensis; Maculaura cerebrosa,,"oocytes (M. alaskensis, M. aquilonia); mesenchyme cells (M. alaskensis)",oocytes; mesenchyme cells
502,Ordospora colligata,Daphnia magna,,gut epithelium,gut epithelium
503,Ordospora durforti (= Endoreticulatus durforti) (1),Artemia sp.,,intestinal epithelium,intestinal epithelium
504,Ordospora durforti (= Endoreticulatus durforti) (2),,,,
505,Ormieresia carcini,Carcinus mediterraneus,,musculature,musculature
506,Orthosoma sp.,Listronotus bonariensis,,,
507,Orthosomella lambdinae,Lambdina athasaria,,midgut epithelium,midgut epithelium
508,Orthosomella lipae,Liophloeus lentus,,Reproductive system of adult females: ovarioles; oocytes; tropharia; somatic tissues; eggs,Reproductive system of adult females: ovarioles; oocytes; tropharia; somatic tissues; eggs
509,Ovavesicula popilliae (1),Popillia japonica,,Malpighian tubules (of larva); fat body (of larva); oenocytes (of adult); tracheal epithelium (of adults); air sac epithelium (of adults),Malpighian tubules; fat body; oenocytes; tracheal epithelium; air sac epithelium
510,Ovavesicula popilliae (2),,,,
511,Ovipleistophora arlo,Palaemon serratus,,Skeletal musculature of abdomen and thorax,Skeletal musculature of abdomen and thorax
512,Ovipleistophora diplostomuri (1),Lepomis macrochirus; infected with Posthodiplostomum minimum; Procambarus bivittatus,,Internal organs; most commonly in liver; but also in spleen; kidney; epicardium,Internal organs; most commonly in liver; but also in spleen; kidney; epicardium
513,Ovipleistophora diplostomuri (2),,,,
514,Pancytospora epiphaga,Caenorhabditis brenneri,,epidermis,epidermis
515,Pancytospora philotis,Oscheius tipula,,intestinal cells,intestinal cells
516,Pankovaia semitubulata,Cloeon dipterum,,adipose,adipose
517,Paradoxium irvingi,Pandalus montagui,,skeletal musculature; heart myofibres; longitudinal and circular muscles surrounding the gut,skeletal musculature; heart myofibres; longitudinal and circular muscles surrounding the gut
518,Paraepiseptum plectronemiae (Paraepiseptum plectrocnemiae),Plectronemia conspersa,,adipose,adipose
519,Parahepatospora carcini,Carcinus maenas,,hepatopancreatocytes,hepatopancreatocytes
520,Paramicrosporidium saccamoebae,Saccamoeba sp.,,,
521,Paramicrosporidium vannellae,Vannella sp.,,,
522,Paranosema grylli (= Nosema grylli) (1),Gryllus bimaculatus,,fat body (primary infection site); striated muscles; smooth muscles; intestines; ovaries; testes,fat body; striated muscles; smooth muscles; intestines; ovaries; testes
523,Paranosema grylli (= Nosema grylli) (2),,,,
524,Paranucleospora theridion,Salmo salar; Lepeophtheirus salmonis,,epithelial cells; leukocytes (in Salmo salar); endothelial cells (in Salmo salar); connective (in Lepeophtheirus salmonis); haemocytes (in Lepeophtheirus salmonis),epithelial cells; leukocytes; endothelial cells; connective; haemocytes
525,Parathelohania aquasalensis,Anopheles aquasalis,,intestinal,intestinal
526,Parathelohania costatus,Aedes punctor; Aedes diantaeus; Aedes excrucians,,fat body,fat body
527,Parathelohania detinovae,Anopheles maculipennis,,,
528,Parathelohania divulgata (1),Anopheles messeae,,adipose,adipose
529,Parathelohania divulgata (2),,,,
530,Parathelohania evansae,Anopheles evansae (= Nyssorynchus evansae),,fat body,fat body
531,Parathelohania formosa (1),Anopheles messeae,,adipose,adipose
532,Parathelohania formosa (2),,,,
533,Parathelohania iranica,Anopheles superpictus,,,
534,Parathelohania issiae,Anopheles claviger,,,
535,Parathelohania sibirika (1),Anopheles messeae,,adipose,adipose
536,Parathelohania sibirika (2),,,,
537,Parathelohania teguldeti (1),Anopheles beklemishevi,,adipose,adipose
538,Parathelohania teguldeti (2),,,,
539,Parathelohania tomski (1),Anopheles messeae,,adipose,adipose
540,Parathelohania tomski (2),,,,
541,Paratuzetia kupermani,Khawia armeniaca,,,
542,Percutemincola moriokae,Oscheius tipulae,,Hypodermis; then intestine,Hypodermis; then intestine
543,Perezia dichroplusae (Liebermannia dichroplusae),Dichroplus elongatus,,,
544,Perezia sp.,,,,
545,Pernicivesicula gracilis,Pentaneurella sp.,,,
546,Pleistophora (?) sp.,Sparus aurata,,,
547,Pleistophora aegyptiaca,Saurida tumbil,,peritoneal cavity,peritoneal cavity
548,Pleistophora atretii,Atretium schistosum,,muscle,muscle
549,Pleistophora beebei,Brachyhypopomus beebei,,Skeletal muscle of the internal abdominal cavity; near the gut.,Skeletal muscle of the internal abdominal cavity; near the gut.
550,Pleistophora blatellae,Blatella germanica,,Malpighian tubules,Malpighian tubules
551,Pleistophora carabidorum,Amara aenea,,,
552,Pleistophora cephei,Cepheus dentatus,,gut-wall,gut-wall
553,Pleistophora dindali,Carabodes coriaceus,,gut-wall,gut-wall
554,Pleistophora duodecimae,Coryphaenoides nasutus,,,
555,Pleistophora finisterrensis,Micromesistius poutassou,,hypoaxial muscles,hypoaxial muscles
556,Pleistophora malthodes,Malthodes fuscus,,,
557,Pleistophora oncoperae,Oncopera alboguttata; Oncopera rufobrunnea,,muscles (primary infection site); fat body; connective tissues,muscles; fat body; connective tissues
558,Pleistophora oribatei,Phtiracarus piger; Rhysotritia duplicata; Microtritia minima; Damaeus clavipes; Carabodes fernoralis; Phtiracarus sp.,,"lymphocytes (in Rhysotritia duplicata, Microtritia minima); oenocytes (in Rhysotritia duplicata, Microtritia minima); gonads (in Phtiracarus piger, Phtiracarus sp.); gut-wall (in Carabodes fernoralis, Damaeus clavipes)",lymphocytes; oenocytes; gonads; gut-wall
559,Pleistophora pagri,Pagrus pagrus,,epithelial lining of the peritoneum; intestinal epithelium,epithelial lining of the peritoneum; intestinal epithelium
560,Pleistophora platynothri,Platynothrus peltifer,,gut-wall,gut-wall
561,Pleistophora priacanthicola,Priacantus tayenus,,Gonads,Gonads
562,Pleistophora ronneafiei,Homo sapiens,,muscle,muscle
563,Pleistophora schubergi neustriae,Malacosoma neustria,,,
564,Pleistophora senegalensis,Sparus aurata,,intestines (muscularis in gut wall),intestines
565,Pleistophora sp. 10,Penaeus duorarum,,muscles (striated muscles),muscles; striated muscles
566,Pleistophora sp. 9,Heterophyes heterophyes (parasite in Liza ramada),,fibroblasts (of metacercarial capsule),fibroblasts
567,Pleistophora tanzaniae,Oryctes monoceros,,,
568,Pleistophora xyloteri,Xyloterus domesticus,,,
569,Polydispyrenia norandina,Gigantodax ortizi,,Adipose,Adipose
570,Potaspora aequidens,Aequidens plagiozonatus,,fins; skeletal muscles (of the sub-opercular region),fins; skeletal muscles
571,Potaspora macrobrachium,Macrobrachium nipponense,,skeletal muscles; cardiac muscles,skeletal muscles; cardiac muscles
572,Potaspora morhaphis,Potamorhaphis guianensis,,intestinal,intestinal
573,Pseudoberwaldia daphniae,Daphnia longispina complex,,infects adipose cells around the Daphnia,infects adipose cells around the Daphnia
574,Pseudokabatana alburnus,Culter alburnus,,Hepatocytes of Liver,Hepatocytes of Liver
575,Pseudoloma neurophilia,Danio rerio,,nervous,nervous
576,Pulicispora xenopsyllae,Xenopsylla skrjabini (c1); Xenopsylla hirtipes (c2),,fatty body; muscles; hypodermis; then other organs,fatty body; muscles; hypodermis; then other organs
577,Pyrotheca hydropsycheae,Hydropsyche siltalai,,fat body; oenocytes,fat body; oenocytes
578,Rectispora reticulata,Pomatothrix hammoniensis,,male gonads,male gonads
579,Rugispora istanbulensis,Xanthogaleruca luteola,,Midgut epithelium,Midgut epithelium
580,Schroedera airthreyi,Plumatella sp.,,muscle,muscle
581,Schroedera plumatellae,Plumatella fungosa,,spermatogonia,spermatogonia
582,Sporanauta perivermis,Odontophora rectangula,,Hypoderm (adults); muscles (adults); egg (adult female); and the reproductive tissues of juveniles,Hypoderm; muscles; egg; and the reproductive tissues of juveniles
583,Spraguea gastrophysus,Lophius gastrophysus,,dorsal ganglia; kidney,dorsal ganglia; kidney
584,Systenostrema alba,Aeshna grandis,,,
585,Systenostrema candida,Libellula quadrimaculata,,,
586,Takaokaspora nipponicus,Ochlerotatus japonicus japonicus; Ochlerotatus hatorii,,adipose of larvae (vertical trans.); gonads (of horizontally-infected adult female hosts),adipose of larvae; gonads
587,Tardivesicula duplicata,Limnephilus centralis,,adipose tissue,adipose tissue
588,Telomyxa orae,Ora texana,,fat body,fat body
589,Tetramicra brevifilum (1),Lophius budegassa; Scophthalmus maximus; Scophthalmidae (family); Salmo salar (?),,muscles (perimysium between red and white skeletal muscle); brain; internal organs,muscles; brain; internal organs
590,Tetramicra brevifilum (2),,,,
591,Thelohania assovi,Odagmia sp.,,fat body,fat body
592,Thelohania bomboschi,Tomocerus flavescens,,,
593,Thelohania butleri,Pandalus jordani,,skeletal muscles,skeletal muscles
594,Thelohania capillata,Odagmia ornata,,,
595,Thelohania collernbolae,Tomocerus flavescens,,,
596,Thelohania limbata,Tramea limbata,,,
597,Thelohania microtritiae,Microtritia minima,,lymphocytes,lymphocytes
598,Thelohania montirivulorum,Cherax destructor,,muscle,muscle
599,Thelohania ostriniae,Ostrinia nubilalis,,adipose tissue,adipose tissue
600,Thelohania parastaci,Cherax destructor,,muscle,muscle
601,Thelohaniida sp. 1,Gigantodax chilense; G. rufidulum,,,
602,Thelohaniida sp. 2,Cnesia dissimilis,,,
603,Thelohaniidae sp. 1,unidentified notata (of genus Macropelopia),,,
604,Thelohaniidae sp. 2,unidentified notata (of genus Macropelopia),,,
605,Toxoglugea tillargi,Tholymis tillarga,,,
606,Toxospora volgae,Sogupopeiga sp.,,fat body,fat body
607,Trachipleistophora anthropophthera,Homo sapiens,,brain; kidney; pancreas; thyroid; parathyroid; heart; liver; spleen; lymph nodes; bone marrow,brain; kidney; pancreas; thyroid; parathyroid; heart; liver; spleen; lymph nodes; bone marrow
608,Trachipleistophora extenrec,Hemicentetes semispinosus (1); Mus musculus (2),,muscle (1;2),muscle
609,Trachipleistophora hominis,Homo sapiens,,skeletal muscles; nasal sinus cavities; conjuctiva,skeletal muscles; nasal sinus cavities; conjuctiva
610,Trachipleistophora sp.,Homo sapiens,,brain; kidney,brain; kidney
611,Trichoctosporea pygopellita (Trichotosporea pygopellita),Aedes vexans,,,
612,Trichonosema algonquinensis,Pectinatella magnifica,,epithelium,epithelium
613,Trichonosema pectinatellae,Pectinatella magnifica,,muscle,muscle
614,Trichotuzetia guttata,Cyclops vicinus,,oocytes (females); testes (males); systemic infection (except muscles and gut),oocytes; testes; systemic infection
615,Tricornia muhezae,Mansonia africana,,fat body (of larva); systemic infection (in larva),fat body; systemic infection
616,Triwangia caridinae,Caridina formosae,,Alimentary tract; gills; hepatopancreas,Alimentary tract; gills; hepatopancreas
617,Tubulinosema hippodamiae (1),Hippodamia convergens,,adipose; muscle; midgut; hindgut; nervous; Malphigian; epithelium; connective; ovarian; pyloric valve epithelium,adipose; muscle; midgut; hindgut; nervous; Malphigian; epithelium; connective; ovarian; pyloric valve epithelium
618,Tubulinosema hippodamiae (2),,,,
619,Tubulinosema hippodamiae (3),,,,
620,Tubulinosema loxostegi,Loxostege sticticalis,,Adipose,Adipose
621,Tubulinosema maroccanus,Dociostaurus maroccanus,,general (including germline tissues),general
622,Tubulinosema pampeana,Bombus atratus,,Adipose,Adipose
623,Tubulinosema ratisbonesis (Tubulinosema ratisbonensis),Drosophila melanogaster,,midgut; gonadal; neuronal; adipose,midgut; gonadal; neuronal; adipose
624,Tuzetia boeckella,Boeckella triarticulata,,,
625,Tuzetia dualis,Cloeon dipterum,,adipose,adipose
626,Tuzetia weidneri (1),Litopenaeus setiferus (1); Farfantepenaeus azectus (2),,muscle (1;2),muscle
627,Tuzetia weidneri (2),,,,
628,Unikaryon allocreadii (1),Allocreadium fasciatusi,,parenchyma,parenchyma
629,Unikaryon allocreadii (2),,,,
630,Unikaryon euzeti,Mylabris vestita,,gut; adipose tissue; Malpighian tubules; muscles,gut; adipose tissue; Malpighian tubules; muscles
631,Unikaryon matteii,Nisotra sp.,,,
632,Unikaryon montanum,Ips typographus,,fat body; Malpighian tubules; muscle; ovaries,fat body; Malpighian tubules; muscle; ovaries
633,Unikaryon nomimoscolexi,Nomimoscolex sp. (in Clarotes laticeps),,parenchymal cells,parenchymal cells
634,Unikaryon oulemi,Oulema melanopus,,midgut,midgut
635,Unikaryon phyllotretae (1),Phyllotreta undulata,,Malphigian,Malphigian
636,Unikaryon phyllotretae (2),,,,
637,Unikaryon polygraphi,Polygraphus poligraphus,,midgut muscles; Malpighian tubules,midgut muscles; Malpighian tubules
638,Unikaryon slaptonleyi,Echinoparyphium recurratum,,,
639,Unnamed Canningia sp.,Otiorynchus sulcatus,,,
640,Unnamed Enterocytozoon sp.,Pleuronectes vetulus,,,
641,Unnamed Enterospora sp.,Eupagurus bernhardus,,epithelium,epithelium
642,unnamed microspordium in bearded dragons,Pogona vitticeps,,liver; kidney epithelium; lungs; small intestine; brain (ventricular ependymal cells); capillary endothelial cells; stomach epithelium; adrenal glands; ovary,liver; kidney epithelium; lungs; small intestine; brain; ventricular ependymal cells; capillary endothelial cells; stomach epithelium; adrenal glands; ovary
643,Unnamed Microsporidia sp. 1,Halammohydra intermedia,,epidermal; endodermal,epidermal; endodermal
644,Unnamed Microsporidia sp. 2,Dioryctria amatella,,Malphigian; silk gland; adipose; midgut; epidermal,Malphigian; silk gland; adipose; midgut; epidermal
645,Unnamed Microsporidia sp. 3,Fenneropenaeus indicus (1); Penaeus semisulcatus (2),,muscle (1;2),muscle
646,Unnamed Microsporidia sp. 4,Penaeus monodon,,muscle,muscle
647,Unnamed Microsporidia sp. A,Phytoseiulus persimilis,,egg; intestinal; nervous; dermal; muscle,egg; intestinal; nervous; dermal; muscle
648,Unnamed Microsporidia sp. B,Phytoseiulus persimilis,,egg; ovarian; intestinal,egg; ovarian; intestinal
649,Unnamed Microsporidia sp. NIK-5hm,Bombyx mori,,,
650,unnamed microsporidium (possibly Tricornia muhezae or Merocinta davidii),Mesocyclops rarus,,around centre of animal,around centre of animal
651,unnamed microsporidium 1,Pseudodiplorchis americanus (parasite of Scaphiopus couchii),,tegument (primary site); ovary; vitelline follicles/ducts; uterus wall; developing egg capsules; parenchyma; gland cells; sensory bulbs of uniciliate receptors; protonephridial canals; supportive cup of photoreceptors; gut,tegument; ovary; vitelline follicles/ducts; uterus wall; developing egg capsules; parenchyma; gland cells; sensory bulbs of uniciliate receptors; protonephridial canals; supportive cup of photoreceptors; gut
652,unnamed microsporidium 2,Martianus dermestoides,,,
653,unnamed microsporidium 3,Gammarus duebeni,,ovary (in adult females); cells underneath cuticle (in juvenile),ovary; cells underneath cuticle
654,unnamed microsporidium in a parrot,Amazona ochrocephala oratrix,,eye,eye
655,unnamed microsporidium in Acrida turrita,Acrida turrita,,testes (in cyst wall cell),testes
656,unnamed microsporidium in Agapornis roseicollis,Agapornis roseicollis,,"liver (hepatocytes, bile ducts); kidney (renal tubules); intestines (small intestinal epithelium)",liver; hepatocytes; bile ducts; kidney; renal tubules; intestines; small intestinal epithelium
657,unnamed microsporidium in gastrotrich,Turbanella lutheri,,intestines,intestines
658,Unnamed Microsporidium sp. C81 (Microsporidium sp. C81) (1),Corophium volutator,,ovarian,ovarian
659,Unnamed Microsporidium sp. C81 (Microsporidium sp. C81) (2),,,,
660,Unnamed Microsporidium sp. SH (Microsporidium sp. SH),Verasper variegatus,,muscle,muscle
661,Unnamed Nosema sp. (possibly Endoreticulatus schubergi) (1),Euprocitis chrysorrhoea,,adipose; silk gland,adipose; silk gland
662,Unnamed Nosema sp. (possibly Endoreticulatus schubergi) (2),,,,
663,Unnamed Nosema sp. (possibly Endoreticulatus schubergi) (3),,,,
664,Unnamed Nosema sp. 1,Antheraea mylitta,,,
665,Unnamed Nosema sp. 2 (1),Pieris rapae,,,
666,Unnamed Nosema sp. 2 (2),,,,
667,Unnamed Nosema sp. 3,Spodoptera litura,,midgut; nervous; muscle; labial glands; gonadal; epidermal; tracheae; Malphigian; adipose,midgut; nervous; muscle; labial glands; gonadal; epidermal; tracheae; Malphigian; adipose
668,Unnamed Nosema sp. 506 (1),Diatraea grandiosella (1); Ostrinia nubilalis (2); Diatraea crambidoides (3),,egg; ovarian,egg; ovarian
669,Unnamed Nosema sp. 506 (2),,,,
670,Unnamed Pleistophora sp.,Epinephelus chlorostignei,,,
671,Unnamed sp.,Hypera postica,,hindgut; fat body; Malpighian tubules; salivary gland tissue (larva),hindgut; fat body; Malpighian tubules; salivary gland tissue
672,Unnamed Vairimorpha sp.,Hellula undalis,,midgut; adipose; Malphigian; hypodermal; muscle; gonadal,midgut; adipose; Malphigian; hypodermal; muscle; gonadal
673,Unnamed Vittaforma-like sp.,Homo sapiens,,,
674,Vairimorpha austropotamobii,Austropotamobius pallipes,,skeletal muscle tissue of male and female host,skeletal muscle tissue of male and female host
675,Vairimorpha ceraces,Cerace stipatana,,Midgut epithelium; muscle; fat body; derma cells,Midgut epithelium; muscle; fat body; derma cells
676,Vairimorpha cheracis,Cherax destructor,,muscle; intestinal; ovarian,muscle; intestinal; ovarian
677,Vairimorpha hybomitrae,Hybomitra sp.,,fat body; sarcoplasm of striated muscles; hypodermis,fat body; sarcoplasm of striated muscles; hypodermis
678,Vairimorpha imperfecta,Plutella xylostella,,systemic infection; fat body (heavily infected); midgut epithelium (havily infected),systemic infection; fat body; midgut epithelium
679,Vairimorpha invictae,Solenopsis invicta,,,
680,Vairimorpha necatrix BM,Bombyx mori,,midgut; Malpighian tubules; fat body; silk glands; muscles; testis,midgut; Malpighian tubules; fat body; silk glands; muscles; testis
681,Vairimorpha ocinarae,Ocinara lida,,midgut epithelium; midgut muscle; Malphigian,midgut epithelium; midgut muscle; Malphigian
682,Vairimorpha plodiae,Plodia interpunctella,,salivary glands; midgut; Malpighian tubules; ovary; fat body,salivary glands; midgut; Malpighian tubules; ovary; fat body
683,Vairimorpha sp BM,Bombyx mori,,,
684,Vairimorpha sp. (authors proposed Nosema mesnili and Microsporidium mesnili be merged to this one species),Pieris rapae,,gut epithelium; Malpighian tubules; salivary glands; fat body,gut epithelium; Malpighian tubules; salivary glands; fat body
685,Vairimorpha sp. (NIS M12),Bombyx mori,Spodoptera frugiperda,fat body (primary infection site); silk glands; muscles,fat body; silk glands; muscles
686,Vairimorpha sp. 1,Trichogramma chilonis,,flight muscles; nervous system; egg,flight muscles; nervous system; egg
687,Vairimorpha sp. 2,Plutella xylostella,,systemic infection; fat body (most infected); midgut; salivary glands; Malpighian tubules; egg,systemic infection; fat body; most infected; midgut; salivary glands; Malpighian tubules; egg
688,Vairimorpha subcoccinellae,Subcoccinella vigintiquatuorpunctata L.,,midgut; gonad; Malpighian tubules; fat body,midgut; gonad; Malpighian tubules; fat body
689,Vavraia anostraca,Artemia sp.,,muscles; haemocele; intestinal epithelium,muscles; haemocele; intestinal epithelium
690,Vavraia cyclocypris,Cyclocypris ovum,,Adipose; connective tissue,Adipose; connective tissue
691,Vavraia lutzomyiae,Lutzomyia longipalpis,,midgut; Malphigian,midgut; Malphigian
692,Vavraia mediterranica,Crangon crangon,,muscle,muscle
693,Vavraia parastacida (1),Cherax tenuimanus; Cherax quinquecarinatus; Cherax quadricarinatus; Cherax albidus,,locomotor muscle; cardiac muscle; gastrointestinal muscles; gills; hepatopancreas; antennal gland; eye; connective tissue,locomotor muscle; cardiac muscle; gastrointestinal muscles; gills; hepatopancreas; antennal gland; eye; connective tissue
694,Vavraia parastacida (2),,,,
695,Vavraia sp.,Culicoides edeni,,fat body,fat body
696,Vittaforma corneae (= Nosema corneum) (1),Homo sapiens,athymic mice,eye cornea (of homo sapiens); liver (of athymic mice),eye cornea; liver
697,Vittaforma corneae (= Nosema corneum) (2),,,,
698,Wittmannia antarctica,Kantharella antarctica,,,
699,Zelenkaia trichopterae,Halesus digitatus,,Adipose,Adipose
